{"cameraMode":{"drawMode":0,"name":"Shaded","section":"Shading Mode"},"sceneLighting":true,"audioPlay":false,"sceneViewState":{"m_AlwaysRefresh":false,"showFog":true,"showSkybox":true,"showFlares":true,"showImageEffects":true,"showParticleSystems":true,"showVisualEffectGraphs":true,"m_FxEnabled":true},"in2DMode":false,"pivot":{"x":-6.597137451171875,"y":2.3049964904785158,"z":-0.8698234558105469},"rotation":{"x":0.07678963989019394,"y":0.9215887188911438,"z":-0.23906353116035462,"w":0.2960243821144104},"size":14.283734321594239,"orthographic":false}